file,supplier
1.pdf,thalia
2.pdf,cosis
3.pdf,dokter
4.pdf,dokter
5.pdf,dokter
6.pdf,thalia
7.pdf,de toegang
8.pdf,de toegang
9.pdf,de toegang
10.pdf,de toegang
11.pdf,thalia
12.pdf,thalia
13.pdf,thalia
14.pdf,thalia
15.pdf,de toegang
16.pdf,de toegang
17.pdf,athomefirst
18.pdf,athomefirst
19.pdf,athomefirst
20.pdf,athomefirst
21.pdf,athomefirst
22.pdf,athomefirst
23.pdf,athomefirst
24.pdf,athomefirst
25.pdf,athomefirst
26.pdf,de toegang
27.pdf,zazadi
28.pdf,zazadi
29.pdf,de toegang
30.pdf,de toegang
31.pdf,de toegang
32.pdf,de toegang
33.pdf,de toegang
34.pdf,de toegang
35.pdf,de toegang
36.pdf,de toegang
37.pdf,de toegang
38.pdf,de toegang
39.pdf,de toegang
